,TID,POST,LABEL
0,250,thank awesom week,1
1,95,end new jona amaz aw yep dat tear kinda realli awesom nice spit take,1
2,554,blog pretti lame stori unreleas bike seat tip awesom,1
3,766,tweet fun cruis vibe insha allah ighalofc stan account bridget bema stan account,1
4,617,find interest vespa count motorcycl maryland florida awesom,1
5,600,post europ depress never wors fuck shake sad depress mind,0
6,94,told male colleagu id postpartum depress said nah woman knew realli emot childbirth omg your mansplain im that differ,0
7,219,ahah ill never forget video anna rose eye awesom,1
8,995,amo summer depress,0
9,340,rememb teen sister start depress issu mom perk type took long recogn im 14 yr older psych degre knew better,0
10,230,im awesom alway suspect,1
11,347,happi birthday dudee,1
12,10,bikaç haftadır yerd sıramı kaptırıyorum ama sinirlenmiyorum ülkey bak self antidepress skilli kazandırdı resmen ahahahha,0
13,463,covid19 pandem led higher level depress anxieti suicid tendenc psycholog trauma among american adult earli month spread,0
14,409,crippl depress road chair,0
15,855,okay mentallyil 2011 said okay past depress simpl human messiah left u start preach prophet messiah young boy tri confirm,0
16,633,awesom want help ive told ppl around work collect drop concert,1
17,926,mad suicid late bf call cop go psych ward hr manag talk way feel defeat mentalhealth mentalil depress,0
18,634,im happi got 05cc liquid gold pump tonight itll keep flow hope help get strong,1
19,480,despit random lack energi realli happi right,1
20,108,ka koi hal hy hi nahi depress sleep koi cheez motiv nahi kar rahi ajkal,0
21,299,sadli feel lot deepli depress soul develop incred way mask depress world fear wrongli judg,0
22,826,mani suffer depress arent sad feel noth persist nag anxieti,0
23,206,happi coz went h0me na haha im excit sunday,1
24,181,watch sound music happi place,1
25,994,good nice haha hope your awesom day,1
26,479,wont share awesom hotel room view fan twitter cant wait concert monday,1
27,771,depress mainli manifest apathi everyth noth give pleasur passion come back thing like includ makeup want start new hobbi that realli neat,0
28,390,happi mother day allim gonna help mine right nowsh deserv ityou guy,1
29,681,look ahead readi make awesom week want get sunday night know total rock go woohoo,1
30,443,said hello hk im soooo happi luv soooo much,1
31,461,add autism known depress anxieti offici diagnos surpris,0
32,902,love awesomest devin delight life how memori lol,1
33,543,depress hand he misinform hyperfix stupid speak subject he uneduc encourag take 5 minut simpl googl search formal apolog past give ammunit peopl,0
34,730,thanki,0
35,76,fave drummer remix fave rapper 3am die happi,1
36,159,realli bad take would tri help money obvious money give better option fix everyth extrem poor long time depress beat,0
37,195,good day depress kick drag hole loneli sad,0
38,944,wolverin awesom,1
39,647,peopl bias day follow anyth said favourit person blindli whatev may truth prevail think person depress abl learn codingmay common wont get,0
40,345,u becom awesom lol,1
41,543,liberta get 0 seat ill happi e9,1
42,77,yeah lookout tweet happi tweet,1
43,953,happi sox today,1
44,558,absolut free join group take part challeng click join pleas answer group question mentalwellb mentalhealthmatt mentalil anxieti depress lockdown,0
45,598,fair hug happi birthday though,1
46,149,today daili cycl think depress came lil earli happi wednesday,1
47,141,want say hi get use twitterit best met awesom peopl take care,1
48,385,everyon follow coz she awesom town,1
49,286,all haben spaß außer mir warum ich sitz lieber zu haus weil da wenig stress bedeutet und angenehm ist und dann bin ich neidisch auf die gemeinsamen erlebniss der anderen dank leben depress kann scheiß sein,0
50,399,eww lol twitter look depress lol happi time eat breakfast ooober hungri ice cream shall b egg lol,1
51,776,organ wine kill also happi birthday old morrissey,1
52,477,ha everybodi say goodnight twitter twitterroo night umm ok that itnight,0
53,567,awesom amaz talk,1
54,512,happi mum day ppl,1
55,478,depress mental ill thought help,0
56,637,still readi die hill captain america die virgin peggi carter didnt give shit past spent lifetim drink wast away depress came back lie aveng,0
57,779,sound awesom hope your fun cant wait see good luck rest rehears,1
58,681,problem grip heighten anxieti lock pit depress isnt necessarili true anxieti depress rob u agenc sometim need help intervent,0
59,867,deadass im bad depress day swear im ignor sincer lose abil understand word,0
60,875,surviv mani episod loss failur disappoint bad relationship bad job poverti depress health problem career setback toxic friendship come realis worri life exacerb fear attach,0
61,981,sure mood import emot well random peopl act like complet fool twitter real life solv problem relat depress anxieti probabl fine much sometim,0
62,125,take back dont trust friend depress break anyth want vibe irl friend hope get better sea thief possibl content channel vibe synthwav,0
63,956,anoth piec ive written today mentalhealth mentalil anxieti suicideprevent depress autism itsokaytonotbeokayep13 endthestigma,0
64,865,make sure happi alon share life someon els old,1
65,192,happi brother sisterinlaw right keep finger toe cross,1
66,62,happi birthday,1
67,244,think read real blog wwwlisarcasticblogspotcom awesom like lol,1
68,251,someon struggl depress suicid 2 attempt say logic soft tissu paper let what said podcast caus much grief nigga didnt know next rent check come 2 kid wife provid,0
69,871,happi mother day guatemala would firecrack 4am honor,1
70,43,sure messag facebook ask peopl depress talk someon etc sad stori seem,0
71,739,mikrokosmo give post concert depress havent even concert,0
72,275,depress start counsel next monthal want happi,1
73,666,seem forget job disappear watch great recess gdp low depress tri fals distract resign famili 150000 die dt neglig vote,0
74,957,21 move back parent home depress sad fill hard year go,0
75,829,omg thank nikki vote your awesom,1
76,293,express frustrat depress anger lockdown situat especi america also adher know right thing two mindset coexist,0
77,460,depress seriou bitch weigh u differ know almost gotten least time take time,0
78,9,simpl girloatm make realli happi morningand bloom wisteria,1
79,444,post logic awesom envelop full github sticker yay,1
80,822,desper alway caus otherwis law peopl commit mani crime theft abus murder beat incompet current potu long rememb caus greatest desper depress world ever seen thank donni,0
81,1,18 differ didnt access drug depress anxieti med see lot counsellor everyth go im turn 21 day ago happi,1
82,452,awesom pic mislead bigger irl go tan lay egg,1
83,216,happi cri,1
84,929,happi birthday hope breakfast brunch burrito astound sound,1
85,952,life top say love yall int univeres beliv happi day peep,1
86,875,ладно это годно,0
87,427,anxieti depress real use excus shitti,0
88,893,someon come comfort deal anxieti depress mental ill love everyth go stori one time anxiou realli sad,0
89,26,harri connick jr strateg place offic continu inspir constant swoon happyclam,1
90,408,happi birthday hime,1
91,350,morn twit happi sunday yall sunni durham,1
92,312,good morn everyon heart happi smile morn hope,1
93,983,ill happi tweet ya well quottweet tweetquot lol,1
94,307,happi gilmor,1
95,252,proof never know person hang suffer depress master art hide well kind gentl,0
96,21,substanc abus fuell massiv chang mh depress flourish develop wonder im kill braincel make depress im activ rout develop new neural pathway away neurodiversesquad,0
97,662,happi tomorrow start summer school hour tuesday im go enjoy long weekend busi,1
98,964,hi cassad hope awesom time tour,1
99,703,excit readi awesom commun driveway,1
100,472,research shown green space whether indoor outdoor lower symptom anxieti depress mood disord well make u feel social connect,0
101,880,everyday present new challeng im best make sure world know ok depress ok put peopl love peac chainlinkemoji link symbol supportmentalhealth,0
102,578,rememb want medic examin coron throughout highschool actual super depress thing hit hard passion interest thing life fade away,0
103,42,awwwww deserv team dedic caus simpl awesom,1
104,487,mother citi terrel texa district 2 citi council seat im mia lol happi mother day,1
105,993,rememb awesom servic yesterday,1
106,379,dont think anxieti depress sad stress impact physic health think,0
107,811,yea insur gonna pay happi lol im take tommorrow,1
108,653,yt made happi guy amaz love thank oh goodmorn may day good mine,1
109,161,thank share garon fellow anxietydepress effexor pal awesom huge step deserv content fulfil love other,1
110,509,well video preview search result bing awesom go bing,1
111,720,tell depress real thing ordinari sad sape yg penah rasa tahu sakit dia cm emoji reliev face,0
112,947,depress alon,0
113,849,thank happi saturday,1
114,418,she medic practition hippocrat oathsh clinic psychologist think bsc fellowship degre she suppos initi counsel refer proper md psychiatrist treatmentnot use term like bipolar depress,0
115,255,thought josep illic depress seriou wife asham disgust cheat someon,0
116,580,soooo happi co thing chang 4 better,1
117,916,good thing p amp k day job,1
118,900,dont shut pleas keep upgrad flow smoothli happi,1
119,322,go work hungov awesom lol good thing coffe swiss roll,1
120,467,ye awesom feder move final believ,1
121,714,mark awesom thank,1
122,704,dont get chanc 2 talk 2 hand awesomest weekend amp ill miss safe well love u,1
123,446,feel stress depress anxieti relat xxx,0
124,161,sad realiz depress true friend,0
125,986,depress depress hi someon take fuck away pleas dont want,0
126,985,luv musicmonday awesom,1
127,897,awesomewhat tell,1
128,586,pleas pleas anyon experi depress anyon import life done realli stuck person get genuin helpconnect pleas advic welcom,0
129,974,1 season depress suffer enough,0
130,738,look snug happi,1
131,798,hope everyon fabul friday happi amp safe holiday weekend xoxo summer,1
132,388,buti na lang talagang may wattpad salamat na lang kundi lunod na ako depress,0
133,108,kieri make serious awesom bread yum,1
134,749,vrai aidangallagh tenu propo déplacé enver personn souffrant dépression bloqué live aussi fait croir cancer forcerait fan devenir vegan,0
135,673,firmli believ feel pain first import step happi feelthepain feelthepainfreethepain itsokaynottobeokay mentalhealth mentalhealthawar depress depressionawar happi happi iamhappi behappi,0
136,296,cours there dark side lifestyl dj stress anxieti make sad peopl think dj glamor life dont there struggl anxieti stress depress realli push balanc,0
137,802,head pound bed bet youll happi 12 hour im twitter lol nite everybodi,1
138,531,song day run dont walk hey monday cassade rock like 247 love,0
139,151,hi cassad hope awesom time tour,0
140,422,happi birthday chaela love yoooooou,1
141,423,aloooootttt ppl suffer depress dont even know iy,0
142,172,happi,1
143,505,depress feel lone that depress depress that feel lone,0
144,57,depress your like sinc arriv world,0
145,209,final decid amp look forward month relax amp happi time famili amp friend,1
146,30,guess deserv happi instead depress,0
147,531,watch dad die doubl pneumonia lung sclerosi definit isnt love slip away she horribl person realli youd think she written spoken length bee battl depress shed attempt better human vile,0
148,137,heart speech omg 5 year cope stress depress anxieti nd still best end he unemploy stress broken lost monet,0
149,16,awesom im glad like im jealou,1
150,702,ive found least depress go long without feel anyth end feel someth almost alway much emot hard control moment happen,0
151,787,happi nation day norway hipp hipp hurra 17 mai,1
152,235,think im okay insid im okay depress joke fight self,0
153,49,happi two year anniversari best gurrfrann whole world,1
154,791,perfect day west cork big happi hello everyon,1
155,600,xeyrox coup détruit serv glorystar plu 2 foi histoir mettr dépression pote nest lfdp,0
156,609,love guy im go work know im happi caus get sleep tonight,1
157,393,awesom excit morn run met streaker wild pig rabbit wood fanni sophi beyond control,1
158,543,got postnight depress,0
159,338,love mani amaz fic two especi stuff shouldv happen season two,0
160,589,technic speak antidepress tend make peopl diagnos depress sadden least first month take make depress wors,0
161,10,lazi awesom,1
162,578,realli beat fuck depress ugli unnecessari unneed unlik as last week coupl spell final back goofi laugh everyth like spongebob,0
163,392,publish everybodi titl jim ferguson lesley storm stuart macgregor john herdman visit websit fun safeti creativ,1
164,318,look awesom award congratul win deserv,1
165,64,amaz show salt lake love super special awesom mani word describ thank hard work,1
166,558,im happi content,1
167,953,wowthat would awesom need notebook cant afford one thought might good quotinbetweenquot thang,1
168,682,happi birthday hope ya day fill joy,1
169,886,pretti awesom day today made lot decis 12 day till nation start,1
170,841,theyr torn awesom look drag around drag around dadblast rain crampin style,1
171,184,youv probabl alreadi decid your go im sure person actual understand hard depress tri make feel bad wish happi birthday anyway al,1
172,52,love miss let ice cream cope post concert depress soon happi andthatsthechri day,0
173,626,busi tho busi v diff way fr use far gdhappi thank ask glad hear ur shoot gg well,1
174,864,depress nap tho,0
175,610,happi birthday,1
176,349,oh rude morn twittervil happi hump day,1
177,646,5th grade slow start sever depress went full forc begin 6th grade,0
178,252,deep depress dont care anyth everyth lame,0
179,593,decreas avail anybodi like project bad vibe ppl around get moodi feel wanna hear depress shit depress respect 2 dif thing shit wack,0
180,787,happi 5 month babe love much make happiest girl entir world,1
181,25,happi see miss ya punkin,1
182,425,happi wellnesswednesday know massagetherapi help symptom depress anxieti hypertens visit websit read research resourc page book next appoint onlin yyc massagecalgari yychealth yychealthyliv rmt,1
183,558,acredito q meu verão vai ser isto wonder depress way,0
184,606,happi bff gujab laker,1
185,107,got cuddl besito want yet as still sad damn depress wild emoji sneez face,0
186,757,around u shake head apart look like sunk depress desir care anymor brief moment clariti could actual breath friend,0
187,263,goodby oppress town colorado hello happi town go let bring,1
188,23,happi mother day im gunna crawl ball act like dont exist lmfaoo,1
189,894,oh youv watch 3 alreadi awesom,1
190,228,sit deck robert holden author happi beauti man gift coach im happi,1
191,739,sir hum student futur hai india ka yadi hum hi mental phycal disturb ho fahe hai exam ke karan kya rah gya hai pdahi ab 8 semest 7 semest ke exam diy hue hai kya unk mark ke adhar pr humko promot nahi mil skta sir sabhi student depress ja rahe h,0
192,613,yayyyi im happi right,1
193,229,also model job think scar surgeri would much deterr coupl inch short,0
194,817,get readi minni happi,1
195,717,ok im sad depress nap time emoji sleep face,0
196,352,understand life reflect well sometim face accid quickli return conscious want go back fall depress hole life chang love famili much,0
197,129,aw that sad enjoy work long weekend,0
198,835,depress ive year feel like much burden still talk ive entir stop tell peopl,0
199,287,holi shit saw tornado today amp got sweet roof ive alway want see tornado awesom,1
200,586,may know well know psychiatri well depress manifest mani way obviou peopl around also exgf dont know close im repeat obvious get across ill stop,0
201,331,happi mother day mom,1
202,794,happi record video 22 defo second fave album,1
203,239,hate much happen famili thank god etern protect u readi go road depress,0
204,249,hey yay thank wow ur page awesom,1
205,123,truth hurt,0
206,390,watch cheerlead competit espn2 happi day,1
207,70,nobodi talk anxieti depress caus,0
208,785,memori last nite happi,1
209,750,thank guy helli hansen bozeman mt got rubber player canari happi late bday,1
210,661,oh poor birdi actual theyr prob happymean worm,1
211,882,proactiv happi,1
212,338,mental health ill call depress basic mean im sad lot hard get better,0
213,302,last night gig awesom rock,1
214,404,mayb dont get bcoz dont even know even rspect thatanyway alway happi,1
215,497,habi lunch sm illafifimalch happi see,1
216,942,yum yum love quesadillasand wallpap matter tooo,1
217,737,ever want look awesom thisyou treat one tote bag like did3w support depress donat 50 profit retweet,1
218,498,happi birthday know bare talk anymor want know your biggest art inspir ever someon who save depress alway bring smile face thank everyth youll go far,1
219,937,wildstarb happi rezday captain quit parti,1
220,651,awesom sunday even cider curri nom,1
221,889,sadli deep thought think fare difficult describ paralyz depress struggl stand right,0
222,867,today would perfect day wed happi wed day,1
223,51,brilliant love compass humor class awesom role model especi child young adult happi see forthright mom mental health challeng one request pleas go deep,1
224,774,im happi cant wait till august roll around say game go sad time groupi,1
225,623,awesomee day yayay haha rhyme,1
226,430,link adhd sad adhd parent depress mentalhealth,0
227,476,2018 edit venom hittin eddi inspir bro know live realli fight fight back dark interpret also synonym depress,0
228,617,btw speak mental health depress clinic standpoint commun self,0
229,41,took nearli week break draw depress kick hard hope tomorrow get back,0
230,521,happi sunday tweepl live dream make everi day count continu spread love joy other,1
231,303,prefer purpl especi combin golden two colour look awesom togeth,1
232,461,happi birthday sweet boyfi turnin 22 year young,1
233,537,vile hate individu manifest self depress say suffer wonder reesmogg hand happi decent individu,1
234,990,dont feel bad im 10yr older life still great happi amp posit,1
235,810,grate great marriag awesom kid busi rock guess rest famili ok,1
236,796,thank feel justifi hear someon els btw love matern photosso beauti awesom set wthe bed,1
237,786,bon sen sagirait darret dutilis depress tord quand just gross salop,0
238,342,great laid final guitar rhythm track two song sound awesom mix,1
239,336,basic believ sadist build anticip cruel unusu ye sadist hahahaha,0
240,199,children poet workshop leader school librari websit email katewilliamspoetrycom,1
241,221,well great trip im happi final head home,1
242,68,awesom day cant wait tonight ahahahaha word day pierc lt3,1
243,953,morimoto dinner happi birthday mommi lt3,1
244,614,nan,1
245,404,dancinggggg youv made happi,1
246,572,haha exactli kiss awesom team edward alllll way,1
247,843,connaiss rapproch sentiment eloign hain depress,0
248,231,happi note im head bed torecharg chi tomorrow goodnightweep,1
249,711,ye whiteworkingclass boy fail fed themeith directli indirectlythat gender ethnic redempt entitl one care high suicideselfharm rate despairdepress taught guy like teacher,0
250,900,usual depress,0
251,457,real life offlin dont worri happi,1
252,582,sad cold weather call season depress sad hot weather call countri song,0
253,176,nigga put shorti suffer depress anxieti who alway seek reassur shorti moment overwhelm sad reason,0
254,838,get awesom twitter background,1
255,339,cant guarante youll turn superman consist usag custom feel supercbd fabcbd fabfam fablif happi honest superman hemp sweet ocean breez tech cannabiscommun sqad depress anxieti help,1
256,963,call happi meal tast like whole lot like depress,1
257,933,good morn awesom time ny make sure u relax ur work luv u,1
258,782,ich darf gar nicht daran denken ist zu traurig wäre wennbringt nicht außer depress ist nicht zu ändern ist wie ist damit mu ich lebenshithappen,0
259,197,one legit gave postgam depress bit difficult choos rdr 2 witcher love almost equal definit top 4,0
260,790,econom surpris full blown depress may take quit bit wind sail trump foil campaign strategi iron,0
261,645,bore work esp disney yesterday amaz cannot wait weekend though sad sarah leav,0
262,203,test old shirt first good coz fail two properli look awesom,1
263,235,awesom presid,1
264,62,hey marktoday great hope happi monday time see,1
265,495,recent matrix trilog sittingthat tire awesom matrix trilog favorit sci fi film stori,1
266,464,stimulu wont propel depress david stimulu delay inevit make hit wors happen,0
267,963,happi slightli skinni xx,1
268,637,dude your write song im sure itll awesom twitter song,1
269,819,loneli physic activ mental health covid19 longitudin analysi depress anxieti 2015 2020,0
270,189,oh dont worri dont mind im happi u want meet,1
271,725,yay im soo excit concert im happi ure youtub account back,1
272,657,bad experi fandom love group help depressionanxieti colleg obsess w group year fandom got wors still follow group listen music tho interact w,0
273,207,happi mother day madr,1
274,396,fav song esp parah reh bhi sakog tum kais hoke mujs juda phat jayeng deewarein sunk meri sada,0
275,956,concord st depress v3v5 set rbbb posteriorinferior wall suffer patient need left heart cath asap mayb pda culprit,0
276,90,thank happi monday hope great day,1
277,961,would love poster last panel today qc comic awesom,1
278,115,extrem sad lack energi hopeless irrit troubl concentr feel guilt symptom major depress,0
279,730,depress hit hard danc around disco music obvious help danc skill cat tri attack leg get stay aliv lol,0
280,12,depress fuck joke bro,0
281,120,h8 peopl self diagnos make joke depress addict domest abus ur depress ur sad ur alcohol ur 23 drink weekend funni make joke ur bfgf beat u,0
282,284,happi late morn time everyon,1
283,540,gonna keep happi tonight cost thank kurt hinder ï ½ use,1
284,947,awesom see happen india final know exactli feel struggl depress 18yr continu frustrat famili friend dont get wa,1
285,879,that awesom funni bout monk love,1
286,288,listen awesom link wwwdirtanddieselcom check um,1
287,346,depress trynna creep way back life like lemm alon,0
288,326,depress anxieti hard enough deal th world pleas go back normal pleas,0
289,111,want share thought time distress peopl go emot psycholog depress money feel someon u talk feel reassuredpleas reach peopl make callpleas 2,0
290,635,omg awesom guy tell u,1
291,835,wowganasnya pukul dada dulu masa kecik mak katasaya selalu hentak kepala dekat dind doktor cakap saya memang ada anxieti dengan depress daripada kecik,0
292,871,ah awesom man good hear felt like went well night realli enjoy cant wait come back,1
293,883,happi birthday paula good one,1
294,895,norway im soooo happi quotim love fairytalequot craaaaazzyy hot alexand rybak think im love lt3,1
295,553,agre also like label cptsd depress anxieti child god spiritu human experi better wors anyon face planet,0
296,505,that awesom isnt made moment,1
297,309,dude edward scissorhand awesom need pack girllll dont forget toothbrush haha blast,1
298,244,depress ah feel okay okay sad dont forget peopl care,0
299,8,awesom,1
300,202,gotta touch bc huge differ sad depress,0
301,812,havent realli ever surround peopl funni mayb that sever anxieti depress,0
302,625,ooo join kara club awesom karadioguardicom xx,1
303,115,haha toower awesom,1
304,69,stagger increas covidlink depress anxieti via,0
305,890,happi bday mom tommi,1
306,805,anoth 30 mile bike ride mequon back took much sane rout lake drive back town awesom,1
307,363,wonder day scott awesom im happi night everyon,1
308,793,happi birthday,1
309,789,ye rememb band awesom pleas repli,1
310,381,dont even think depress honestli think im sad lone lazi mental ill conveni excus,0
311,937,run happi place help overcom postpartum depress continu help cope life also provid workout stay healthi,1
312,548,gogol bordello awesom realli nice night,1
313,26,happi good plan walk school listen fray funtim,1
314,90,melt pot happi hour yumm hope dont get bad ga chees beer lol,1
315,569,ok ok depress mentalhealth lovelif workhard smile happi beautifullif lovelif goal keepontri summeriscom,1
316,371,beach awesom today food spoon,1
317,628,cut hair realli realli short result bit strang awesom kiff xd,1
318,606,block everyon im done trust peopl encount bad enough deal depress need sigh name use also depressedwrld could care le last argument anyway suicidedepress real,0
319,320,happi mother day mom,1
320,2,go depress bad realli make see mani peopl realli indivis depressionisr depress,0
321,30,got depress diagnosi start medic couldnt tell reason famili bc reason mom,0
322,393,think next solo compil gonna pretti awesom ive record good stuff imo includ lazi eye gtr lead 1 today,1
323,623,found today get fli hk againwee happi,1
324,195,anoth problem mother bring newborn wellbabi visit mani skip postpartum 6week visit depress potenti lifethreaten problem may diagnos,0
325,40,happi birthday may day spent well never recal event said day night,1
326,68,ur awesom sourc follow mj news especi tour cant wait keep,1
327,849,interview amaz person beat breast cancer homeschool hula hoop awesom,1
328,553,oh happi monday,1
329,975,macbook invit friend twitter happi mother day,1
330,168,never claim met mani happi content peopl work depress hate decis happi aggress argument good look,1
331,412,hmmmm made paint orchestra green unicorn stuff make happi,1
332,990,haha worri would happi half birthday squash,1
333,43,feel better,0
334,162,happi birthday,1
335,889,happi mother day mom mom mom mom woot woot mom rule,1
336,50,night awesom slept 1 watch kyle xy supernatur great,1
337,324,happi birthday,1
338,69,an even depress hell unknown famili,0
339,946,bt help went depress wasnt anyth seriou though feel sad everyday noth seem bring mood stumbl upon serious start smile immedi love,0
340,434,danc cat depress isol covid19 pandem anyon struggl stori cat depressioncatlov covid19 isol,0
341,260,joy glass chalk awesom truck quotfanimequotd,1
342,39,take deep breathpyuuhhhwhatta shock newsbut im happi,1
343,904,vote think your awesom amazingli enough tho hate lib get stupid gst australia,1
344,245,happi 50th updat thing want parti pant,1
345,361,home happi friend next week,1
346,820,back greenvil go passout day happi back,1
347,632,happi pentecost day may power presenc holi spirit bless richli today everi day jesu name,1
348,682,depress,0
349,991,distant dwell miseri trigger depress happi feel good past day yeah wanna take break spend time stuff likelov,1
350,139,u call trent liar haha that awesom toronto show troubl get sir,1
351,82,ive pass alot feel pain sad depress cri till last breath till ive reach feel noth noth empti,0
352,108,littl quiet sinc last weekend awesom workshop also littl blue depressionâ,1
353,446,depress strike,0
354,607,best mate happi time start make plan weekend let get vodka good time xx,1
355,177,happi note wed awesom im gonna make sure wed open bar,1
356,700,need get twitter account way follow dr cullen happi like u,1
357,231,great photograph saw guy play westjet street parti short set awesom nonetheless,1
358,938,happi easter everyon,1
359,974,last least happi bday norway nation day 2day,1
360,174,leav takamin alon buchou feel like acceler takamin depress,0
361,399,happi wellnesswednesday emoji leaf flutter winddyk research indic garden great heal depress anxieti ptsd plu get harvest heal food boost immun moodantidepress microb soil dirt make happi,1
362,945,excus need build photographi empir let anxieti depress hold back,0
363,962,man would awesom bet kid would get along famous mayb one day happen,1
364,394,boy flower awesom special yijung cha gaeul stori tri watch great,1
365,38,one disclos mental ill report second diagnosi bipolar depress session therapist fraud like,0
366,975,day 2 food still gross battl bond depress aweee think broken cute,0
367,136,happi birthday favorit person whole wide world love ab,1
368,29,happi friday hope wellth darl 5 decid cookout happi happi joy joy,1
369,523,anoth day fight sad depress,0
370,203,finish leadig prais worship grace awesomebut nearli awesom god,1
371,2,open invit tweep degre show lsad clare st limerick 13th june 6pm meet get piss welcom let know,0
372,805,last night made well happi drink meadow sunshin,1
373,923,yaaay happi like think im gna blog black betti spank photo princess lt3 hopeschooliscool,1
374,480,stay till 543am selen friend bday awesom,1
375,986,found twitter thank honesti depress sheila walsh help mani peopl talk struggl thank,0
376,328,next 6month im marri quotold manquot happi birthday jeremi,1
377,76,china child poor rural area happi smili face xinwen lianbo oo,1
378,220,final done bathroom almost 2 yr late im happi done ill put pic tmrw good night good morn,1
379,821,remind peopl afford diagnos depress self diagnos u feel sad depress,0
380,861,hello guy today im happi,1
381,154,justic k liy bola nhi jata depress mental ill sb p muh khul jata h,0
382,164,happi thought dont suddenli take away heavi dark weight chest gut dont take hole feel like brain stuck okay need help depress intens need help cant alon,1
383,348,treat like depress stop depress stop tire,0
384,974,happi star war day everyon,1
385,213,ever get happi flex homi depress,1
386,722,depress ist saddepress ist saddepress ist saddepress ist saddepress ist saddepress ist saddepress ist saddepress ist saddepress,0
387,847,happi birthday great day thank follow,1
388,444,make funni interweb dreambigfighthard nbinder,1
389,152,parent r happi rest famili wonder memi folk r cool left,1
390,990,blimey kevi thought never gonna come airhaha,0
391,415,bon vérité sai exprim sentiment ment propo refusé vive anxiété bleah paraît ça donné plu depress habitud cett foisci,0
392,333,saw comment would love know blog ff rec work im happi,1
393,675,go next avail mirror look u see gloom despair frustrat depress welcom new,0
394,472,yall im diagnos depress anxieti attack sick friend,0
395,182,thank much learn still pleas keep awesom work vibe cya friday,1
396,784,drown ocean depress,0
397,376,hey homi happi birthday massiv,1
398,998,browni good time day,1
399,95,happi birthday,1
400,607,awesom enjoy awesom sennheis,1
401,792,station wait lauren today awesom jeremi kyleyour fan come ufft jean good idea today,1
402,335,daili regular physic activ go long way keep person healthi happyit help improv memori keep person mental alert activ help fight depress mani diseaseto know,1
403,835,noodl badthey give good balanc nutriti food prepar wellthat get internet happi,1
404,422,bwaaahahaha someon call koala xp tee hee look happi though,1
405,367,10 sale worri pet friday worri pet design childrenadult autism anxieti sensori need standwithsmal sale etsi depress mentalhealth,0
406,482,noth push better like pain depress struggl feed everi second spent upset wast moment happi never get back,1
407,964,depress sad,0
408,764,boomer depressionproof join rank downwardli mobil high earner surpris risk old age poverti trend start coupl year ago pandem acceler,0
409,542,good morn twittervers happi followfriday,1
410,724,aw wa man sad kay mabuhat multipli pictur ang choova ra man,0
411,759,musicmonday happi star war day celebr join,1
412,247,happi mother day havent got mom present yet print amazon gift card,1
413,849,good thing come meet,0
414,106,happi mother day,1
415,302,happi saturday good time rest short visit rome itali great time,1
416,630,funni spongebob imag,1
417,739,dortt awesom congratul,1
418,83,surgeon research mother happi travel day gone occasion runner aspir couch potato find time,1
419,319,sad human be admir other lack tri emul get team,0
420,370,happi birthday see later littl vers go like old time x,1
421,66,came brilliantli impress,1
422,768,awesom play,1
423,936,awesom,1
424,41,relat thu depress pleas pa friend,0
425,612,ich find niemand ist normal bzw gehört der norm depress gehört zu deiner normalität ander haben ein ander normalität wie zb legastheni migrän ptb m bipolarität kleinwuch sehschwäch weiß denn ichirgendwa ist immer da ist die norm,0
426,391,ador,0
427,999,rt a2 well drop state depress opposit state rebuild better peopleskillschat,0
428,834,race awesom final saw jimmi win one person,1
429,742,chang email address old navi newslett got anoth quotthank sign upquot coupon awesom,1
430,267,awesom here great week,1
431,849,usual happen tri talk moreanxieti noonecar depress sad depress bpd,0
432,174,room look like depress season,0
433,323,sadli may right,0
434,837,happi friday eve everyon almost,1
435,477,masala wok awesom enlighten alway great back houston,1
436,412,happi birthday ate judi boardmat dinner downstair,1
437,342,yesterday sooo much fun last night lt3 live long prosper happi mother day,1
438,110,im happi dommi thank attent im happi jason know im care,1
439,802,im depress depress alway attack dont feel ok everyday im fight depress suppos happi today peopl day doesnt care peopl feel,1
440,434,almost complet soullessi incap humani incap inhumani live uncontrollablyit call antidepressiona friend mine suggestedbecaus sad hurt youit brain reaction,0
441,195,ok im likin hubbi idea smart man make ladi happi,1
442,140,happi divers deserv win,1
443,402,depress wave realli hit nowher,0
444,993,wish everyon happi mother day xoxo,1
445,542,tryna listen happi song instead sad song tri undo depress oof,0
446,12,awesom juli 5th save date im excit xoxo,1
447,416,cant sleep cant eat properli im alway sadi want diewelcom depress,0
448,537,love movi zac awesomee,1
449,704,love thowil def keep thatthank much info rock happi sunday,1
450,182,im happi cant wait till august roll around say game go sad time groupi,0
451,471,2 confound gender dysphoria insecuritiesdistress woman face today suggest medic definit symptom unknown herit like say sad year cl,0
452,325,awesom 5 got macbook last year graduat,1
453,53,watch logi eat home made pie pj awesom night,1
454,901,tweet u nowyay happi danc x,1
455,455,tweet sixteen day miss ive fun though ingrid frak awesom bbq today,1
456,655,antidepress daydepress joy antidepress medicin hope rest faith god inspir encourag peac antidepressantoftheday happi,1
457,503,love first saint movi trust presenc ensur one awesom,1
458,910,im sorri feel sad sick hope feel better soon,0
459,654,lmao depress realli tell peopl bad week hit back feel better feel better still wanna hit back sorri sorri hear know good w,0
460,101,mum teacher survivor hscvce pothol road beyond share thing includ anguish distress anxieti depress pa aspect human sometim take need help navig shame ever,0
461,234,normal mental health import struggl mental health long time especi medic gener anxieti lead depress panic disord odc bpd struggl still fight find normal,0
462,515,tech chang way farm awesom,1
463,275,woken two hour fever dream find post back phone messag awesom girl,1
464,763,imma tri use light instead sit dark day mayb cure depress,0
465,25,day 27 even though said 26 30 25 press up day rais awar men mental health ptsd anxieti depress suicid pleasur join step father today suffer depress,0
466,697,wyn take 5 min prepar go mel take 5 hour p happi birthday friend,1
467,674,happi mother day,1
468,657,saw night museum 2 awesom,1
469,128,peopl see death destruct trump win four yearsgood know pandem econom depress wakeup call sigh,0
470,881,depress wake nightmar cannot go back sleep,0
471,659,im happi get,1
472,556,rememb mentalhealth mentalhealthawar anxieti selfcar depress selflov love mentalhealthmatt,0
473,442,happi sunday get readi go church love god much u take care friend,1
474,591,love peopl love human,1
475,72,happi mayb one made day,1
476,769,tri find binder put finish project eep im happi,1
477,854,damn morn depress whole type power,0
478,264,fight addict mental ill depress anxieti death heartbreak suicid alon strong put situat test readi life resili,0
479,519,total awesom,1
480,577,ini foto pertama win yg gue simpen smile soooo freak pure like nobodi beat smile world mayb he angel god send came earth help depress middl pandem situat love much stay safe awin ku,0
481,19,eclips awesom better new moon,1
482,159,final finish break dawn sooo good sad see end tho gonna find food amp get work done rather later,0
483,470,fleabagselfish crocwhen ned shire hors injur leg longer work sad go fear slaughterhous farmer bill wont let old friend help ned overcom depress find new job give ride kidspb dvpit di,0
484,325,awesom onether cool game,1
485,498,mani thank note littl old happi followfriday flatter,1
486,391,singl mai hun neend mujh nahi aati padai mujhs nahi hoti depress mere sath dosti karli hai dhoka mera bhai bana hua hai ab sabk sath jeey kese jeey,0
487,184,awesom btw im stoke get ur cd order,1
488,422,level cute ridicul look happi,1
489,152,happi sunday go ride harley today,1
490,863,depress come wave brother im readi hang 10,0
491,872,im happi found follow elizabeth tweet like medic depress,1
492,855,happi mother day greatest mother day gift see kid serv god,1
493,922,favour accept stop tri fix like im extrem make barbi doll kid play nobodi perfect im happi way right suffer depress bad enough well suffer heavi menstrual vagin bleed,1
494,19,happi mandi safe trip never va beach enjoy,1
495,237,liter gaslight ex bipolar toxic manipul trait liter perfect fuck ill expect u perfect romantic depress call peopl bpd crazi breath,0
496,162,awww husband cook u awesom time girl love,1
497,613,build hous cheap realli make much money happi work,1
498,146,point timehav comment case specificsi policei particip circu conspiraci theoriesmi issu peopl think mental strong cant depressioni concern mental health issu convers,0
499,107,see haha wait check band myspac page got stay music definit awesom,1
500,185,happi hear well cannot complain life good got health roof head,1
501,152,wish could one day actual happi ala depress bpd let happen,1
502,163,makapuu beach 2 camera phone awesom captur blue,1
503,144,feel bad homi sooooooo much depress,0
504,358,love c graffiti life show awesom night im realli proud didnt feel need hold back feel,1
505,804,realli sad one atalanta forward josip iličić found wife cheat went surpris slovenia he depress consid quit footbal iličić go play v psg biggest game life,0
506,698,build collaps survivor prone depress aggress,0
507,749,unconfirm rumor appear josip ilicič might consid retir footbal fell deep depress caught wife cheat sad,0
508,714,woke uphappi mother day,1
509,252,depress decid rear ugli head sadli spark jealousi hate jealou day kinda tank week plung depth,0
510,555,found bought awesom book today entitl quot20 essay written 20 somethingsquot,1
511,124,awesom super stoke new album,1
512,287,make happi happi mother day thank mother cuz cute friend would possibl without,1
513,39,happi birthday bestfriend jacklyn nicol decastro love beezi,1
514,557,ich glaub da ist ein wichtig punkt weder die bedürfniss noch die wünsche werden erfüllt vorallem ärmere menschen haben oft viel leidenschaft und interess und nicht wird erfüllt da treibt viel weiter die depress b,0
515,129,social anxieti ocd epilepsi short term memori loss due antiepilept drug depress make life hell im live three import peopl life pretend sometim lie everyth fine life,0
516,72,thank happi mother day,1
517,835,mental weak refer neg much anxieti depress thought insid mind identifi get emot time lack selfconfid anxieti depress overthink take lot unnecessari tension etcbeawar,0
518,141,hope u alotta fun see green day theyr awesom band,1
519,9,depress dy blow hope pass soon,0
520,279,studi happi 420 everyon xx,1
521,149,look forward beauti relax weekend game 3 tonight happi memori day weekend,1
522,21,oh hard get motiv start work lazi happi friday weekend almost,1
523,274,anyon ever feel like u actual suffer mild depress like u r say u realli depress u got like small portion deep sad insid u r deni lie heart bcuz yknow u keep deni anyway,0
524,157,depress mani cluster look differ even similar peopl mentalhealth,0
525,647,fuck hate peopl much peopl go depress start think happi thought cure cool didnt depress sad,0
526,692,say happi wed peac,1
527,37,long nap make happi,1
528,277,happi birthday lt3,1
529,946,person seen increas suicid od watch number friend famili struggl deep depress know anecdot believ trend other see well,0
530,537,ever wit downward spiral overtir child happi alert suddenli cranki link insomnia depress dr tammra warbi answer mani question mindset drtammrawarbi,1
531,870,pleas depress disappear shit haunt daili dream realli nice never materi fear sad emot rule mind sorri vent know im loser hey thing could chang hope pray happen foe,0
532,813,happi birthday grandpa 3 cat still love,1
533,856,welcom futur fun yetnncryptochef nutrofuturistnnnj american nnu2764 block bigot nncancelfacebook,1
534,839,im sad dont know assum depress decid kick teeth like asshol,0
535,827,im lucki great friend would drive 7 hour way watch raceawesom thank guy,1
536,998,realli want depress want night dont cri sleep anymor want happi want,1
537,321,mount evid show exercis prevent depress yep that happi,1
538,26,happi birthday wonder mother,1
539,610,happi birthday dad,1
540,644,back fantast birthday gather hyde park full sunshin fantast food pure glee awesom friend awesom,1
541,969,brew coffe boot stream depress isnt crippl today want take advantag,0
542,105,stop make depressionanxietyment health issu trend caus sure hell lot fake depress peopl,0
543,992,relat funni content 1 follow thank u2665ufe0f,1
544,342,yeah im never prepar ff never list name write pretti sad,0
545,22,a3 your fill anxieti depress well loneli peopkeskillschat,0
546,318,depress sad 5 sign depress mani word one voic,0
547,509,today sad day thank good iou,0
548,719,golden girl make sooo happi crazi day gotta take easi,1
549,542,tri ask im sure happi help,1
550,737,oh god your rightemoji cri face im sad need depress nap,0
551,123,go sleep sound halo 3 two happi boy,1
552,904,heeyyy thank vote happi support kiss cute rain,1
553,394,good luck depress real stuck insid head rather pay attent outer help tremend emoji face savour delici foodemoji umbrellahav good luck stay busi stay happyemoji,1
554,661,clinic depress way choos view world caus churn toxic hatr,1
555,42,awesom show tonight boy wish cldve gone watch u guy,1
556,190,hey everyon look great peopl follow follow sinc awesom follow,1
557,83,treat work relat depress kalm centr todayth mental health employe imper success organ sadli mental health employe often overlook corpor world,0
558,427,leg crippl like realli cant walk well sad love new tattoo though,0
559,104,1st wed anniversari today here mani bliss happi year togeth,1
560,739,happi mother day mom,1
561,612,anyth show bit cuz depress symptom come back leav super unmotiv share old work still love make happi miss paint anim digitalart illustr,0
562,466,numberproxim peopl lowkey live depress shock peopl aint even awar theyr sometim listen someon speak le show every1 concern bout heard listen leanonmedearhuman icar,0
563,201,mood sai si post dépression tou soul,0
564,38,ask someon today yesterday oh clean much much actual plan tomorrow nice thing doubli nice person deal depress,0
565,813,depress long rememb normal manag know shit rough anxieti also bitch gotta figur plan also mess sleep,0
566,209,yepand suicid depress isnt taken serious countrycyb bulli seen joke tear anoth ego wht like abwt life teach neg peopl lesson xem,0
567,998,hi realli sad month post school depress real still shake thing withhold happi mani time thought death would easierbut thing differ,0
568,744,back recessiondepress last time gop offic took presid obama 8 year bring u back track 3 12 year trump destroy make mistak recess covid made wors vote blue trump given,0
569,196,happi weekend great father good morn yet side globe,1
570,765,hmmmmwhat doingim sing awesom song ima go see movi calledtermin salvat oh yea bitch xd,1
571,822,happi hear,1
572,502,smile even forc indic mind your happi turn caus brain releas endorphin bodi feelgood chemic combat depress anxieti,1
573,193,wherea show tv design make feel guilti larg regardless whether your otherwis happi size notthos wonder improv depress peopl right,1
574,130,baptiz awesom god,1
575,961,happi 1st high five dude,1
576,294,im happi answer cant blip bc im camp realli miss ill blip tomorrow obrigada btw,1
577,845,sadden much mental health realli chang depress thief,0
578,38,a2 well drop state depress opposit state rebuild better peopleskillschat,0
579,769,got see coalesc destroy low ceil gutair player use sheetrock play guitar awesom,1
580,892,sad male child given emot support need develop healthi brain develop suffer anxieti depress result studi shown see famili need 2 parent boy intent,0
581,384,depress ill shouldnt much stigma,0
582,485,homee livi sweet wa fuckingg awesome,1
583,915,happi anoth puppylick,1
584,6,love selena gomez your beauti your role model idol would happi repli,1
585,870,imagin develop multipl anxieti depress 8 one know least could breath suppos,0
586,374,thank much followfriday shout your awesom,1
587,836,happi mother day mom tough job total worth,1
588,834,shizu best healer heal sad depress voic,0
589,40,peopl may say cant sad someon els may wors like say someon cant happi someon els might better depress one dehuman tire emot experi anyon encount life,1
590,696,hate adult cant listen friend without get depress 2,0
591,949,elizabeth freakin awesom she follow,1
592,766,kid right even notic depress,0
593,765,fear woman atalanta forward josip iličić found wife cheat went surpris slovenia he depress consid quit footbal,0
594,151,differ anxiou everi anxieti differ sad depress know differ go read book open mouth tri tell someon get,0
595,459,happi birthday x,1
596,177,awesom footbal stadium,1
597,101,happi mother dayi breakfast mommaa,1
598,151,tenth tro depress 2020 hurrican season form coast africa tro hurricaneseason,0
599,676,exactli never heard someon explain way that exactli explain husband sad arent mainstream book real person real problem depress isnt play victim,0
600,390,awesom background,1
601,698,wut u tryna say lol every1 shud happi get shower,1
602,675,hoppusday happi hoppu day rock,1
603,579,glad happi tummi,1
604,66,tw depress friend made realli depress ask mental disord got diagnos w medic got hate talk abt sudden amd realli ruin mood,0
605,494,degre child famili developmentni love work child decor laugh fun love spend qualiti time famili u2764,1
606,567,craziest thing depress alway think ive hit rock bottom shit couldnt get wors today turn costco churro caus sad cri eat churro realiz definit rock bottom isnt,0
607,10,love demi new album cover awesom cant wait song,1
608,556,bout hit sackgot shit tomorrow happi mother day mom,1
609,963,posit funni,1
610,464,ill tri jump start happi text everyon 10 min text everyon dont want talk anyon fuck depress,0
611,270,im sad realli wish whenev log aim youd guess bad time lol georgia trip weekend,0
612,948,happi birthday snicker hope best day ever let go shop,1
613,904,happi birthday big ben may chime anoth 150 year,1
614,686,im happi sunnybut rumor chilli outsid,1
615,96,sad depress seriou case dont know person fight insid,0
616,882,bake cake babi sleep tomorrow go awesomesauc,1
617,670,depress one hardest thing deal peopl never understand fuck peopl talk dope soul long known happi see better posit vibe way,0
618,133,im go see next week chicago im excit depress gone asthma heal happi person see ya hous blue b emoji smile face open mouth smile eyesemoji smile face open mouth smile eyesemoji smile face open mouth smile eye,1
619,957,fren depressionm u diagnosedfren know depressionm yea u diagnosedfren know dome u knowfren tear im sad time life suck fake weep sound,0
620,503,happi mother day mother life,1
621,18,talk footbal lunchtimeanyth wors happi hoppusday everyon mother day fuckinamptouchinampsuckin hahhah,1
622,390,phase depress,0
623,352,woopra pretti awesom get visitor see happen live,1
624,273,congrat cooler happi birthday miss love,1
625,216,say hate peopl depress go your hide well,0
626,59,aj rafael awesom musician famou youtub cover song dont forget pleas watch good,1
627,346,netflix awesom custom servic mention great product,1
628,760,girl work pull bibl breakroom convers heart smile awesom,1
629,916,happi birthday take plenti youll rememb later,1
630,528,anxieti depress soooooo fuck bad late pleas dm way sad piec shit time pleas thank,0
631,864,freak circu awesom dude love,1
632,929,awesom got busi two week uni birthday melbourn,1
633,313,crazi mani member famili point exhibit side depress grandma aunt cousin everyon talk like thing ridicul even talk,0
634,269,went 2 wallyworld today awesom time get kewl easter basket nitelit comput,1
635,394,ji din sab sahi ho u din yeh soch ke depress ho jata hai ke sab sahi kais hai,0
636,901,swara r uh realli ur mind kya apko khali depress hi dekh raa mtlb kuch bhi khe hum toh sucid hi boleyga mtlb etn sara evid etn sare log jinko yeh dekh raa ki yeh murder h appl apna dimag use krna sikho,0
637,506,fight depress isnt easi still get uncontrol sad know that want,0
638,38,thank ff mention awesom,1
639,587,mackenzi mckee open depress greif emot,0
640,636,poor covid19 respons push u edg depress,0
641,624,im happi didnt enter,1
642,248,here know farthi depress instead keep top thing pull sheet head feck worldhad ultrasound done leg happi circul problem howev infect,1
643,930,yummi cant beat cook flower birthday tell happi birthday,1
644,499,awesom love draw hope youll ever see hope youll come holland soon,1
645,168,lol your awesom hayley paramor rock love colombia,1
646,177,got new tattoo yesterday mama lion 3 cub love repres kid soooooooooooooo cute happi,1
647,92,12 someon clinic diagnos sociopathi convincingli appear neuroti stop someon autism spectrum mask know arent disord peopl anxieti hide peopl depress peopl bpd,0
648,207,fun luve posit think guy live life fullest,1
649,270,ye better still he tackl depress lot exercis talk therapi im happi flo x,1
650,603,depress hit harder weed,0
651,764,happi today shoppingday,1
652,214,lol that awesom,1
653,15,depress real idk peopl joke caus see someon smile mean fight,0
654,919,depress commit suicid littl sensibl mental health exist like diseas pleas dont demean someon depress say let rememb depress guy hero reread sentenc youll understand point,0
655,818,world need fuck right im done everyth get dont want world alreadi kill hope dream ambit enjoy dont wanna anymor either mentalhealth depress suicideprevent,0
656,232,happi atamptbold user,1
657,762,beauti lb happi birthday welcom 25 club,1
658,777,happi mother day strong hard work mother may god bless famili,1
659,392,awesom night brueck thank kristi amp bart cant wait hous smell yummi,1
660,172,tweep ima get sum sleep awesom nite peac love,1
661,442,happi mother day,1
662,841,thank much im surpris happi,1
663,63,happi birthday,1
664,483,miss u im happi u pass ur test u shld proud,1
665,137,great veggi lasagna happi marathon monday boston folk,1
666,255,peopl may say cant sad someon els may wors like say someon cant happi someon els might better depress one dehuman tire emot experi anyon encount life,0
667,636,hug simpli meant alot u sad sure depress though,0
668,562,happi 19th birthday chryslyn,1
669,856,tryna listen happi song instead sad song tri undo depress oof,1
